,Date,Week Number ,Influenza[it],Febbre[it],Cefalea[it],Paracetamolo[it],Rinorrea[it],Mialgia[it],Vomito[it],Vaccino antinfluenzale[it],Antibiotico[it],Tosse[it],Artralgia[it],Antipiretico[it],Polmonite[it],Brivido[it],Raffreddore comune[it],Ketoprofene[it],Acido ascorbico[it],Unnamed: 6
0,2008-01-01,1,989,2395,1291,2933,103,1291,560,0,1375,436,1,408,1646,107,531,125,971,
1,2008-01-08,2,962,2553,1360,2547,147,1302,634,0,1678,552,0,361,1810,118,493,144,1309,
2,2008-01-15,3,1029,2309,1401,2735,136,894,658,0,1671,489,1,333,1592,164,466,149,1277,
3,2008-01-22,4,1031,2399,1137,2296,136,776,519,0,1516,509,0,322,1884,131,410,158,1306,
4,2008-01-29,5,1021,2419,1274,2222,121,700,594,0,1504,520,2,294,1882,116,453,109,1317,
5,2008-02-05,6,1010,2666,1258,2182,132,721,553,0,1493,500,2,321,1811,150,515,151,1268,
6,2008-02-12,7,1019,2385,1141,2304,131,650,651,0,1656,525,1,305,1927,148,504,146,1365,
7,2008-02-19,8,1080,2827,1199,2389,159,618,645,0,1679,540,17,325,1846,145,546,135,1354,
8,2008-02-26,9,854,2262,1143,1972,146,598,566,0,1431,450,76,288,1595,130,433,106,1194,
9,2008-03-04,10,647,1780,1060,1785,112,599,509,0,1205,413,104,254,1557,92,358,100,1148,
10,2008-03-11,11,629,2013,1193,1716,156,694,556,0,1371,451,87,198,1553,107,341,109,1147,
11,2008-03-18,12,443,1601,1071,1586,130,527,474,0,1083,367,80,235,1250,110,334,125,1003,
12,2008-03-25,13,541,1845,1270,1716,160,625,684,0,1425,481,117,229,1496,133,360,151,1168,
13,2008-04-01,14,495,1604,1200,1584,150,590,625,0,1317,427,119,216,1518,136,367,157,1158,
14,2008-04-08,15,455,1693,1047,1571,113,504,571,0,1284,444,135,218,1288,103,359,173,775,
15,2008-04-15,16,474,1856,1079,1626,137,567,563,0,1392,366,161,183,1378,124,369,211,612,
16,2008-04-22,17,380,1488,1205,1541,127,504,552,0,1202,407,175,230,1516,99,399,169,1155,
17,2008-04-29,18,384,1551,1051,1419,128,500,546,0,1066,419,196,217,1295,104,369,153,1720,
18,2008-05-06,19,390,1647,1137,1517,141,568,524,0,1298,424,241,189,1274,132,326,195,381,
19,2008-05-13,20,417,1716,1359,1527,137,539,670,0,1377,428,238,206,1602,175,313,223,437,
20,2008-05-20,21,411,1718,1309,1694,119,590,694,0,1397,398,222,194,1456,155,234,235,689,
21,2008-05-27,22,324,1861,1169,1367,123,476,642,0,1321,327,204,207,1634,142,246,190,1347,
22,2008-06-03,23,365,1691,1269,1548,126,518,675,0,1588,413,260,185,1662,157,203,230,942,
23,2008-06-10,24,370,1649,1258,1503,130,556,540,0,1474,374,286,176,1617,167,194,204,880,
24,2008-06-17,25,344,1777,943,1353,101,527,586,0,1558,331,225,157,1436,170,235,184,373,
25,2008-06-24,26,279,1727,936,1299,108,509,692,0,1481,319,248,161,1678,201,154,204,377,
26,2008-07-01,27,305,1570,791,1305,107,425,650,0,1404,324,237,144,1497,171,109,215,339,
27,2008-07-08,28,298,1524,714,1434,106,416,553,0,1446,283,260,127,1401,162,120,199,566,
28,2008-07-15,29,278,1459,896,1477,109,646,684,0,1206,282,217,159,1406,132,153,198,734,
29,2008-07-22,30,237,1555,660,1109,101,460,587,0,1098,254,225,91,1244,140,167,187,244,
30,2008-07-29,31,189,1612,622,1160,83,370,574,0,1068,189,201,146,1120,143,146,171,386,
31,2008-08-05,32,179,1304,607,1113,65,361,498,0,937,228,148,139,1102,122,148,244,193,
32,2008-08-12,33,202,1308,492,1037,74,314,483,1,721,178,125,134,885,112,175,219,148,
33,2008-08-19,34,253,1571,768,1300,100,443,609,0,978,209,145,171,1118,106,187,286,254,
34,2008-08-26,35,351,1951,917,1439,155,517,649,0,1315,256,249,138,1377,113,261,341,236,
35,2008-09-02,36,386,2119,1000,1494,153,533,657,0,1337,323,241,210,1499,110,292,393,237,
36,2008-09-09,37,494,2090,1094,1518,160,529,681,0,1399,387,292,201,1319,99,318,459,385,
37,2008-09-16,38,1474,2229,1053,2952,182,537,691,1,1428,293,232,285,1410,147,520,458,902,
38,2008-09-23,39,927,2774,959,2314,212,466,760,1,1402,378,259,319,1595,140,1062,422,444,
39,2008-09-30,40,1035,2806,1057,2460,214,518,737,0,1579,468,274,323,1671,140,1339,481,1053,
40,2008-10-07,41,1022,2584,1002,2576,207,544,782,0,1690,530,247,371,1999,136,1052,441,1094,
41,2008-10-14,42,844,2533,1173,2257,210,577,798,0,1689,556,305,349,2086,126,791,466,751,
42,2008-10-21,43,701,2062,930,1780,159,474,679,0,1249,389,265,240,1561,111,450,413,241,
43,2008-10-28,44,821,2269,1084,2117,199,551,817,1,1487,450,281,276,1869,114,539,498,393,
44,2008-11-04,45,947,2350,1114,1924,212,630,849,1,1483,502,328,272,1782,128,429,471,980,
45,2008-11-11,46,1116,2470,1114,2129,202,586,870,0,1799,536,268,155,1939,142,481,452,1125,
46,2008-11-18,47,1141,2817,1042,2344,195,632,853,1,1273,443,307,308,2047,137,661,457,532,
47,2008-11-25,48,1157,2679,1051,2409,198,599,867,0,1915,572,302,239,1977,161,718,461,961,
48,2008-12-02,49,1117,2587,1028,3001,170,515,870,0,1515,513,267,327,2104,134,574,439,374,
49,2008-12-09,50,1272,3082,1077,2876,226,565,999,0,1643,581,607,405,2190,129,634,498,441,
50,2008-12-16,51,1021,3017,923,2430,182,482,833,0,1462,581,228,329,1881,159,641,372,1001,
51,2008-12-23,52,1223,3164,599,2652,144,374,885,0,1226,563,148,270,1584,114,657,236,204,
52,2008-12-30,53,1440,3684,733,3422,184,387,1060,0,1089,716,205,497,2108,153,775,312,933,
53,2009-01-06,54,1921,4445,1016,3923,238,580,1147,2,604,817,283,503,2720,165,819,409,331,
54,2009-01-13,55,2403,4641,1235,3557,249,698,1132,0,825,843,347,460,2707,203,829,499,315,
55,2009-01-20,56,2046,4806,1328,3512,273,705,1179,0,2119,818,391,445,2701,287,763,448,797,
56,2009-01-27,57,1688,4755,1305,3188,256,733,1091,0,2355,842,412,576,3234,309,721,612,582,
57,2009-02-03,58,1526,4853,1282,3462,280,659,1039,0,2333,820,411,488,3257,277,681,458,1179,
58,2009-02-10,59,1204,4074,1368,2837,249,832,1103,0,2255,717,424,420,2887,300,684,309,445,
59,2009-02-17,60,1205,4188,1454,3091,338,874,1143,0,2074,665,383,439,2748,363,734,354,360,
60,2009-02-24,61,1201,4243,1366,2942,262,765,1160,0,2255,719,410,476,2884,295,780,416,885,
61,2009-03-03,62,989,4025,1459,2813,272,817,1160,0,2214,692,378,398,2727,293,723,536,1450,
62,2009-03-10,63,912,3723,1382,2608,256,749,952,0,1802,660,404,376,2392,281,692,407,742,
63,2009-03-17,64,926,3730,1398,2500,276,756,1156,0,2083,694,389,391,2701,251,679,614,567,
64,2009-03-24,65,897,3890,1331,2560,336,745,1096,0,2056,657,418,356,2672,238,676,527,1307,
65,2009-03-31,66,736,3540,1372,2597,266,718,1113,0,1880,580,426,334,2504,240,552,595,1459,
66,2009-04-07,67,511,2648,962,1982,201,604,946,0,1480,529,363,257,1982,187,477,336,3378,
67,2009-04-14,68,562,2969,1083,2363,271,744,1175,0,1884,669,418,349,2301,271,533,350,1502,
68,2009-04-21,69,3089,3175,955,2350,268,842,1094,0,2083,570,445,317,2223,257,596,333,1132,
69,2009-04-28,70,4580,2830,1187,2187,333,955,1243,0,1885,536,443,361,2210,274,692,270,928,
70,2009-05-05,71,1726,3122,1205,2216,333,687,1005,0,1821,557,361,329,2184,207,593,326,1350,
71,2009-05-12,72,1225,3090,1295,2114,312,740,1067,0,1903,597,386,324,2257,218,534,361,1684,
72,2009-05-19,73,1191,2923,1382,1876,269,715,919,0,1748,453,413,305,2149,188,443,428,623,
73,2009-05-26,74,710,2612,1462,2050,227,718,991,0,1782,430,349,281,2010,209,323,369,349,
74,2009-06-02,75,622,2688,1432,1862,231,744,1184,0,1720,393,325,274,1877,171,341,395,977,
75,2009-06-09,76,804,2672,1390,1763,211,713,1092,1,1776,405,306,289,1871,194,316,314,496,
76,2009-06-16,77,630,2647,1346,1824,236,683,1026,0,1891,372,361,221,1903,227,263,284,643,
77,2009-06-23,78,589,2501,1260,1886,229,661,975,1,1748,474,366,218,1775,252,239,367,385,
78,2009-06-30,79,746,2445,1085,2139,195,692,1000,0,1603,422,309,213,1646,241,194,505,971,
79,2009-07-07,80,771,2486,1125,1972,206,661,1040,0,1647,383,380,233,1767,254,223,340,1620,
80,2009-07-14,81,3381,2616,1189,2293,266,653,1062,1,1483,430,379,319,1834,212,252,436,2147,
81,2009-07-21,82,3393,2432,1127,2039,193,691,1121,0,1463,356,387,216,1638,280,261,383,1514,
82,2009-07-28,83,1628,2412,994,2028,188,521,943,0,1406,319,284,186,1660,218,278,433,1314,
83,2009-08-04,84,845,2147,944,1695,167,466,802,0,1182,348,258,209,1284,237,256,452,1339,
84,2009-08-11,85,621,2108,805,1583,160,372,752,0,1067,286,250,183,1233,205,261,454,920,
85,2009-08-18,86,713,2289,945,1895,207,456,810,0,1260,295,293,222,1405,230,355,469,1193,
86,2009-08-25,87,1875,2725,1214,2607,213,567,984,0,1701,390,425,399,1890,250,484,414,1516,
87,2009-09-01,88,3553,3450,1562,2691,299,723,1140,1,1758,446,424,415,2223,265,668,394,2374,
88,2009-09-08,89,3261,3476,1479,2568,318,624,1090,1,2132,435,480,318,1838,413,671,408,2000,
89,2009-09-15,90,2410,3010,1322,2892,286,704,974,0,1694,464,451,338,2138,444,807,397,1819,
90,2009-09-22,91,0,0,0,0,0,0,0,0,0,0,0,0,0,0,0,0,0,
91,2009-09-29,92,1307,2591,1092,2281,257,436,706,0,1327,438,285,235,1324,303,1085,449,1305,
92,2009-10-06,93,1886,3617,1423,3331,325,689,997,0,2053,701,425,463,1985,435,1557,722,1864,
93,2009-10-13,94,1594,3288,1157,3331,313,494,867,0,1443,537,333,381,1555,400,1413,505,1802,
94,2009-10-20,95,2658,5631,1343,4422,389,649,1266,1,1968,870,421,545,2201,387,1556,671,2103,
95,2009-10-27,96,5210,6249,1550,5565,610,1513,1383,0,2178,1047,1135,859,3109,380,1395,730,2599,
96,2009-11-03,97,8851,8004,1860,8567,799,4196,1202,2,3015,1612,3521,1898,5470,547,1577,881,3860,
97,2009-11-10,98,4650,7109,1668,5823,554,2065,1242,4,2823,1180,1678,944,3909,444,1328,824,3045,
98,2009-11-17,99,2502,4848,1150,3982,406,1131,1101,1,2012,808,871,549,2733,359,830,694,2128,
99,2009-11-24,100,1758,4064,1170,3393,310,954,1204,0,1822,748,580,449,2512,375,775,635,2184,
100,2009-12-01,101,1283,3074,949,2646,215,631,1164,0,1714,625,442,347,1969,350,687,537,1719,
101,2009-12-08,102,913,2995,1029,2806,257,589,1167,1,1483,613,376,364,1734,324,751,499,1650,
102,2009-12-15,103,903,3038,938,2746,243,463,1115,0,1498,667,355,344,1836,395,926,565,1860,
103,2009-12-22,104,879,2933,864,2610,202,478,1287,0,1280,797,268,360,1592,324,1326,523,1268,
104,2009-12-29,105,867,2985,961,3002,251,452,1494,1,1364,784,290,420,1858,386,1157,593,1674,
105,2010-01-05,106,964,3352,1190,3309,293,638,1493,1,1876,774,396,456,1970,396,1180,588,2159,
106,2010-01-12,107,919,3591,1493,3397,294,700,1675,0,1926,858,405,499,2162,395,1257,728,2934,
107,2010-01-19,108,748,2881,1266,2300,224,566,1317,0,1449,607,334,358,1720,324,1035,761,2164,
108,2010-01-26,109,997,3946,1597,3264,368,627,1577,0,2066,802,427,487,2468,425,1447,935,2536,
109,2010-02-02,110,1105,3778,1726,3287,407,634,1726,0,2277,863,455,560,2528,403,1465,849,2382,
110,2010-02-09,111,1343,3862,1719,3367,351,684,1719,0,2178,858,432,521,2606,416,1313,875,2348,
111,2010-02-16,112,1131,3882,1827,3329,343,701,1904,0,2207,849,481,454,2607,413,1137,925,2508,
112,2010-02-23,113,797,3229,1569,2585,274,538,1602,0,1861,732,380,376,2184,279,737,729,1932,
113,2010-03-02,114,800,3429,1709,2904,292,564,1690,2,1898,739,412,393,2339,259,776,828,1845,
114,2010-03-09,115,737,3180,1447,2724,255,529,1332,0,1765,659,372,350,2128,245,722,856,1837,
115,2010-03-16,116,708,3255,1441,2751,287,539,1584,0,1825,742,416,360,2086,195,705,770,1867,
116,2010-03-23,117,637,3047,1394,2559,232,536,1488,0,1522,680,400,339,2028,169,638,758,1743,
117,2010-03-30,118,576,2775,1227,2279,210,472,1410,8,1466,602,302,363,1896,202,605,655,1384,
118,2010-04-06,119,778,3011,1462,2555,265,545,1577,1,1743,713,395,380,2126,215,613,750,1797,
119,2010-04-13,120,695,2787,1534,2433,309,538,1408,0,1588,642,789,418,1998,258,579,773,1689,
120,2010-04-20,121,648,2851,1626,2257,244,602,1366,1,1731,628,441,423,1816,216,621,797,1642,
121,2010-04-27,122,538,2846,1486,2382,279,601,1222,0,1704,636,423,310,1984,208,648,775,1647,
122,2010-05-04,123,570,2799,1530,2309,237,582,1304,0,1612,803,436,282,1998,231,612,799,1753,
123,2010-05-11,124,559,2598,1506,2335,253,587,1216,0,1691,583,398,301,1881,181,596,741,1821,
124,2010-05-18,125,654,2634,1568,2291,304,607,1223,0,1720,560,365,276,1822,185,718,725,1714,
125,2010-05-25,126,568,2624,1479,2357,271,595,1253,0,1719,571,430,420,2007,149,460,823,1652,
126,2010-06-01,127,542,2764,1668,2258,261,599,1188,1,1601,535,414,284,1969,171,417,717,1630,
127,2010-06-08,128,337,1470,800,1173,127,287,562,0,916,214,210,153,1076,81,181,436,956,
128,2010-06-15,129,413,2195,1133,1796,172,433,944,0,1362,386,348,237,1574,128,247,682,1483,
129,2010-06-22,130,379,2074,1176,1551,187,385,950,0,1101,321,321,215,1273,146,198,557,1277,
130,2010-06-29,131,325,2271,1155,1619,176,464,929,0,1124,377,339,200,1539,132,190,651,1331,
131,2010-07-06,132,164,1271,585,867,85,248,640,0,628,214,173,116,889,68,110,376,679,
132,2010-07-13,133,257,2191,990,1626,148,412,956,0,1115,283,303,238,1553,127,148,647,1306,
133,2010-07-20,134,381,2719,1283,1999,168,513,1277,1,1513,394,357,324,1889,167,227,820,1475,
134,2010-07-27,135,325,2785,1501,2297,188,558,1314,0,1518,448,373,314,2000,200,295,1119,1570,
135,2010-08-03,136,321,2803,1205,2270,172,521,1201,0,1515,396,361,372,1841,208,317,1189,1557,
136,2010-08-10,137,329,2590,1233,2446,203,567,1144,1,1461,437,327,277,1627,174,347,1044,1463,
137,2010-08-17,138,411,3068,1475,2611,244,575,1332,0,1592,496,388,382,1903,200,498,1224,1700,
138,2010-08-24,139,472,3374,1621,2956,256,690,1394,0,1695,548,383,415,2098,190,593,1244,1905,
139,2010-08-31,140,689,4022,1949,3065,274,704,1619,0,1958,691,503,422,2154,242,822,1239,2111,
140,2010-09-07,141,692,3830,1922,3285,273,664,1461,0,1901,721,493,418,2135,315,755,1174,2716,
141,2010-09-14,142,810,3857,2043,3387,307,706,1653,0,2044,816,516,414,2276,232,988,1281,2310,
142,2010-09-21,143,1132,4394,2072,4066,316,794,1709,1,2098,870,658,509,2445,246,1676,1201,2537,
143,2010-09-28,144,1514,4698,1902,4438,304,600,1512,0,2284,1026,486,592,2388,275,2148,1312,2460,
144,2010-10-05,145,1636,4481,1960,4449,329,646,1554,0,2189,1104,420,573,2726,224,2124,1479,2576,
145,2010-10-12,146,1419,4144,1932,4254,310,608,1595,0,2129,1033,470,543,2608,257,1661,1388,2633,
146,2010-10-19,147,1286,4171,1942,4210,344,687,1651,0,2273,1049,478,653,2775,270,1494,1354,2573,
147,2010-10-26,148,1066,3834,1814,3887,254,651,1637,1,1841,1058,411,743,2643,224,1272,1256,2342,
148,2010-11-02,149,1254,4162,1956,4271,296,875,1749,0,2227,1115,529,727,2733,222,1323,1334,2653,
149,2010-11-09,150,1150,4168,2079,3845,312,751,1655,0,2263,1023,431,627,2909,274,999,1388,2727,
150,2010-11-16,151,1064,4449,1942,4083,330,733,1839,0,2362,1022,547,676,2841,320,982,1312,2667,
151,2010-11-23,152,1232,4690,2020,4241,305,638,1810,1,2294,973,447,645,3891,360,1193,1339,2756,
152,2010-11-30,153,1125,4140,1748,3983,282,617,1702,1,2048,957,392,527,3131,250,1066,1285,2508,
153,2010-12-07,154,1346,5343,1959,5715,307,660,2024,0,2332,1144,467,664,3556,329,1291,1372,2559,
154,2010-12-14,155,1433,5900,1579,5427,319,633,1992,0,2305,1129,446,675,3732,284,1278,1281,2846,
155,2010-12-21,156,1566,6116,1414,4966,287,626,2144,0,2078,1230,385,644,3419,247,1295,1151,1878,
156,2010-12-28,157,2249,8207,1628,7032,312,719,2496,0,2568,1426,416,922,4355,313,1636,1476,2636,
157,2011-01-04,158,3209,9576,2204,7777,456,1247,2448,1,3388,1837,643,1166,5128,318,1802,1738,3407,
158,2011-01-11,159,3407,10071,2576,7449,544,1589,2582,0,3769,1768,1034,1001,5714,348,1600,1682,3808,
159,2011-01-18,160,3267,10589,2630,7601,503,1229,2497,0,3465,1852,937,1012,5552,477,1459,1907,3871,
160,2011-01-25,161,3322,8948,2161,6941,470,1159,2171,0,3000,1951,793,851,4704,351,1640,1569,3155,
161,2011-02-01,162,2975,8750,2005,6260,449,1040,2049,1,2735,1993,655,756,4572,304,1661,1516,2925,
162,2011-02-08,163,2933,8068,2131,5920,418,970,2066,0,2590,1809,616,748,4613,290,1721,1449,3520,
163,2011-02-15,164,2155,6801,2118,5255,372,949,2082,1,2656,1713,581,689,4353,274,1548,1444,2714,
164,2011-02-22,165,1735,5864,1868,4768,386,866,2128,0,2593,1485,549,561,3805,319,1552,1454,2430,
165,2011-03-01,166,1542,5410,1814,4381,365,781,2037,1,2237,1358,515,515,3686,305,1510,1432,2420,
166,2011-03-08,167,1266,5399,1778,4409,402,811,2115,0,2300,1372,484,503,3362,313,1521,1282,2234,
167,2011-03-15,168,1115,4887,1713,4071,353,757,1960,0,2100,1331,457,497,3179,216,1329,1193,2057,
168,2011-03-22,169,1000,4349,1777,3763,411,713,2075,0,2071,1246,481,466,3126,288,1272,1323,2399,
169,2011-03-29,170,920,4171,1738,3437,404,789,1948,0,2065,1161,534,428,2883,258,1156,1270,2215,
170,2011-04-05,171,765,4147,1624,3546,368,688,1760,0,2110,1238,484,406,2792,214,1100,1246,2140,
171,2011-04-12,172,880,3968,1575,3484,375,697,2019,1,1912,1243,473,373,2902,334,1095,1296,2215,
172,2011-04-19,173,634,3435,1372,3230,299,617,1807,0,1476,1035,436,380,2467,225,1021,1163,1785,
173,2011-04-26,174,777,4026,1790,3592,434,735,2193,0,2147,1151,521,390,2761,242,901,1348,2227,
174,2011-05-03,175,668,3545,1842,3418,432,747,1765,1,2054,1053,506,432,2661,215,889,1265,2036,
175,2011-05-10,176,786,3957,1765,3416,427,824,1790,0,2146,1028,526,422,3032,243,898,1270,2057,
176,2011-05-17,177,715,3769,1954,3338,337,810,1875,0,2145,983,458,376,2703,224,800,1248,2013,
177,2011-05-24,178,618,3867,1750,2976,333,743,1837,2,1860,997,517,357,2726,245,671,1176,2077,
178,2011-05-31,179,692,3693,1711,3095,297,710,1776,0,2142,896,462,369,2461,224,612,1160,1892,
179,2011-06-07,180,660,3273,1667,2955,302,715,1805,0,2084,866,548,345,2436,235,505,1158,2054,
180,2011-06-14,181,552,3426,1638,2991,257,687,1726,1,1954,765,473,339,2360,224,513,1178,1927,
181,2011-06-21,182,551,3717,1558,2904,249,561,1776,0,1753,677,507,332,2310,192,466,1250,1793,
182,2011-06-28,183,579,3605,1578,2766,311,620,1589,0,1674,716,410,314,2053,232,401,1079,1826,
183,2011-07-05,184,513,3588,1469,2617,272,630,1647,1,1616,647,409,314,2032,189,390,1169,2243,
184,2011-07-12,185,517,3306,1282,2719,257,571,1642,0,1459,603,406,347,1932,190,302,1178,2026,
185,2011-07-19,186,476,3238,1569,2719,242,597,1731,0,1504,597,394,297,1851,245,408,1229,1686,
186,2011-07-26,187,386,2935,1346,2779,194,558,1534,0,1316,610,360,299,1797,215,422,1147,1435,
187,2011-08-02,188,396,2831,1182,2490,197,495,1484,0,1364,629,338,291,1630,205,418,1168,1546,
188,2011-08-09,189,370,2635,1135,2530,205,456,1282,0,1131,637,315,286,1488,263,464,1197,1208,
189,2011-08-16,190,391,2616,1180,2467,193,465,1329,0,1134,698,272,325,1736,147,460,1090,1207,
190,2011-08-23,191,412,2968,1194,2794,281,562,1409,0,1360,809,346,336,1858,209,648,1094,1456,
191,2011-08-30,192,693,3199,1417,2931,259,564,1583,0,1726,937,421,326,2044,222,658,1202,1681,
192,2011-09-06,193,640,2818,1414,2803,270,597,1441,0,1470,827,393,305,1797,183,611,1085,1537,
193,2011-09-13,194,565,2952,1417,2719,251,547,1457,0,1486,893,383,370,1738,217,720,1120,2333,
194,2011-09-20,195,826,3267,1410,2986,281,588,1368,0,1465,976,391,366,1785,223,1182,1113,1619,
195,2011-09-27,196,945,3630,1581,3874,343,584,1588,0,1449,1247,391,435,1840,230,1688,1219,1988,
196,2011-10-04,197,1109,3654,1540,4049,312,534,1518,0,1546,1321,373,442,1964,285,1821,1184,2092,
197,2011-10-11,198,1116,3498,1605,4359,346,558,1682,0,1809,1542,380,477,2307,280,2064,1230,2501,
198,2011-10-18,199,1167,3451,1504,4411,346,618,1698,0,1637,1694,391,578,2624,281,1832,1280,2335,
199,2011-10-25,200,1084,3682,1740,4902,348,664,1861,0,1836,1985,390,540,2742,290,1719,1450,2411,
200,2011-11-01,201,1363,4122,2170,5025,343,736,2225,6,1944,2292,461,587,2977,327,1813,1492,2463,
201,2011-11-08,202,1312,4084,2253,4902,371,730,2086,501,2061,2203,473,550,3011,289,1550,1479,2748,
202,2011-11-15,203,1490,4168,1976,4805,368,742,2146,873,2307,2191,454,620,3041,345,1797,1456,2655,
203,2011-11-22,204,1537,4324,2231,6550,393,790,2357,1137,1943,2218,443,603,3436,321,1838,1495,2746,
204,2011-11-29,205,1505,4396,1962,5038,383,705,2334,673,2010,2165,450,615,3384,260,1794,1423,2619,
205,2011-12-06,206,1427,4250,1932,4675,368,637,2166,446,1850,2076,454,568,3062,228,1544,1328,2292,
206,2011-12-13,207,1425,4214,1803,4966,356,727,2086,310,2114,1911,402,466,3107,262,1596,1319,2315,
207,2011-12-20,208,746,2218,762,3071,143,289,1065,126,924,952,163,247,1647,128,992,657,979,
208,2011-12-27,209,1757,5420,1519,6614,328,688,2800,166,2418,2252,344,664,3591,303,2087,1390,2270,
209,2012-01-03,210,2071,5883,1867,6749,430,787,2719,188,2901,2579,479,780,4163,329,2326,1501,2822,
210,2012-01-10,211,2091,5958,2069,6379,405,895,2649,196,2744,2855,463,699,4148,373,2072,1550,3064,
211,2012-01-17,212,2299,6938,2055,6743,410,807,2649,194,2442,2839,505,676,4160,331,1998,1429,3321,
212,2012-01-24,213,2664,7078,2065,6490,449,951,2347,216,2486,2743,536,703,4077,383,2307,1555,3202,
213,2012-01-31,214,2558,7581,2003,6827,418,851,2319,226,2556,2752,552,698,4790,303,2195,1487,3633,
214,2012-02-07,215,2275,7173,1941,7014,416,796,2346,199,2836,2604,621,595,5000,446,2132,1596,4051,
215,2012-02-14,216,2229,7042,1999,6435,399,882,2627,188,2611,2430,555,579,4636,394,2173,1521,2905,
216,2012-02-21,217,2119,7044,2068,5913,796,872,2689,161,2512,2283,687,522,4515,338,2094,1580,2993,
217,2012-02-28,218,1659,5706,2114,5344,396,876,2531,177,2369,2147,566,414,4018,334,1838,1499,2552,
218,2012-03-06,219,1109,5019,1615,6937,409,820,2457,116,1752,2045,568,407,3609,437,1768,1238,2177,
219,2012-03-13,220,1167,3991,1987,4050,419,729,2056,118,1962,1706,529,370,2875,388,1500,1070,2457,
220,2012-03-20,221,921,3759,1769,3547,417,735,1750,99,1597,1183,540,327,2801,351,1312,1044,2281,
221,2012-03-27,222,1042,3269,1773,3524,406,856,1663,67,1690,1029,638,322,2707,315,1206,1163,2015,
222,2012-04-03,223,695,3034,1491,3112,335,751,1634,76,1423,967,457,273,2375,241,931,1019,1655,
223,2012-04-10,224,866,3437,1926,3979,363,872,2030,84,1851,1069,596,351,2798,320,1141,1157,2313,
224,2012-04-17,225,871,4028,1856,3886,363,899,2078,97,1709,996,634,303,2513,276,1069,1187,2129,
225,2012-04-24,226,689,3663,1648,4106,388,840,1938,73,1611,1001,655,349,2333,246,974,1049,1999,
226,2012-05-01,227,852,3539,1912,4390,328,911,1877,82,1938,993,679,379,2573,217,811,1022,2253,
227,2012-05-08,228,740,3709,1946,4093,345,845,1838,66,1843,923,694,362,2739,204,904,1119,2412,
228,2012-05-15,229,762,3582,1870,3876,334,903,1741,78,1856,953,702,311,2829,252,911,1115,2435,
229,2012-05-22,230,823,4035,2099,4309,379,994,2052,98,2158,963,731,393,2946,290,908,1550,2636,
230,2012-05-29,231,688,4155,2215,4239,394,1085,2101,93,2295,988,792,389,3086,304,700,1523,2712,
231,2012-06-05,232,835,4390,2300,4263,376,1123,2273,101,2386,1003,763,407,3214,291,606,1565,2507,
232,2012-06-12,233,766,3913,2110,4180,368,952,1982,75,2059,842,668,351,3020,326,524,1387,2715,
233,2012-06-19,234,643,3933,1876,4784,339,877,1930,91,1841,710,669,329,3019,307,383,1345,2416,
234,2012-06-26,235,617,3525,1958,3861,322,882,1792,88,1563,643,597,345,2646,271,307,1330,2434,
235,2012-07-03,236,647,3713,2051,3787,336,1026,1902,102,1684,673,655,326,2769,284,317,1290,2360,
236,2012-07-10,237,633,3635,1853,3722,276,1037,1904,99,1798,582,573,359,2751,285,316,1247,2397,
237,2012-07-17,238,672,3583,1962,3958,292,1060,1890,100,1610,721,600,379,2524,272,341,1360,2350,
238,2012-07-24,239,509,3263,1802,3563,202,882,1689,63,1457,694,488,339,2378,271,310,1366,1883,
239,2012-07-31,240,454,2749,1607,3122,182,899,1660,43,1491,525,501,332,2180,243,351,1344,1766,
240,2012-08-07,241,386,2950,1620,3438,217,860,1577,56,1363,512,479,335,1996,252,430,1281,1613,
241,2012-08-14,242,473,2970,1534,3416,231,812,1678,77,1511,656,457,330,2037,258,472,1327,1668,
242,2012-08-21,243,639,3496,1803,3712,282,1021,1922,80,1726,721,605,382,2388,292,609,1521,2146,
243,2012-08-28,244,785,3888,2025,4341,334,1199,2011,108,2079,834,678,453,2660,250,839,1633,2518,
244,2012-09-04,245,1144,3813,2266,4310,362,1254,2073,215,2249,843,607,442,2782,285,868,1664,2626,
245,2012-09-11,246,1086,4040,2435,4426,412,1231,2117,167,2018,925,656,451,2850,295,1308,1724,2870,
246,2012-09-18,247,1078,4492,2387,5286,482,1215,2089,178,1859,1125,641,483,2997,294,1773,1838,2629,
247,2012-09-25,248,1408,4766,2347,5817,466,1302,1951,261,1911,1324,684,601,2965,288,2205,1832,2875,
248,2012-10-02,249,1430,4588,2336,5665,408,1235,2019,323,2006,1393,613,547,2917,286,2866,1707,2875,
249,2012-10-09,250,1524,4457,2427,5668,420,1409,1986,427,2070,1363,566,545,3277,317,1882,1795,3160,
250,2012-10-16,251,1579,4301,2514,5766,369,1342,1934,772,1981,1327,604,607,3015,285,1939,1916,3067,
251,2012-10-23,252,1585,4092,2510,5647,359,1336,2072,1091,1963,1390,579,500,3325,313,2228,1866,3022,
252,2012-10-30,253,1704,3849,2068,4983,350,1209,1942,550,1783,1310,609,460,3068,374,1932,1517,3099,
253,2012-11-06,254,1476,3911,2485,5307,429,1310,2090,886,1979,1505,592,482,3316,300,2253,1685,3178,
254,2012-11-13,255,1657,4109,2421,6441,430,1060,2166,1305,1970,1490,684,542,3804,335,2431,1767,3825,
255,2012-11-20,256,1529,4127,2515,5224,390,1037,2297,1414,2186,1550,607,549,3492,299,2227,1857,3656,
256,2012-11-27,257,1496,4198,2014,5455,447,933,2403,1259,2491,1491,622,491,3754,333,2153,1926,3493,
257,2012-12-04,258,1603,4138,1948,5074,462,879,2536,1039,1955,1488,597,549,3625,357,2384,1585,3305,
258,2012-12-11,259,1830,4634,1764,5336,438,926,2459,666,2111,1513,564,452,3911,316,2359,1545,2976,
259,2012-12-18,260,1756,4511,1516,4914,313,879,2196,375,1874,1459,401,490,3500,285,2228,1427,2383,
260,2012-12-25,261,2095,5788,1530,6452,364,924,3005,275,1953,1917,432,623,4121,275,3009,1752,2295,
261,2013-01-01,262,2963,6590,1960,7314,492,1282,3386,300,2448,2389,764,787,5038,362,3339,2036,3119,
262,2013-01-08,263,3836,7080,2332,7467,499,1390,2878,508,2880,2396,728,795,5842,323,3041,2304,3758,
263,2013-01-15,264,4336,7537,2341,7724,555,1351,3147,371,3016,2387,726,752,5880,378,3066,2281,4143,
264,2013-01-22,265,4419,8464,2398,7753,533,1361,3100,297,3202,2137,780,812,6197,425,3140,2265,4342,
265,2013-01-29,266,3658,8399,2303,7830,616,1439,2879,300,3055,2236,765,849,6713,462,3198,2136,4287,
266,2013-02-05,267,3795,6006,2058,7765,566,1259,2514,191,3090,2128,792,905,6742,352,3322,2204,4102,
267,2013-02-12,268,3699,6633,1881,8346,583,1238,2394,228,3024,2159,728,848,6794,390,3194,2155,4017,
268,2013-02-19,269,4043,6522,1898,6652,499,1054,2386,219,2723,2062,764,734,6636,396,3072,1832,4146,
269,2013-02-26,270,2350,5633,1900,5817,480,1064,2398,156,2442,1606,594,599,6241,327,2909,1762,3951,
270,2013-03-05,271,2745,5178,1970,5508,440,1254,2533,173,2968,1564,705,621,5888,315,2733,1838,3566,
271,2013-03-12,272,2105,4376,1912,4985,527,1085,2280,146,2191,1371,639,507,5364,342,2267,1793,3296,
272,2013-03-19,273,1734,4434,1950,4732,515,1184,2266,160,2623,1336,590,497,4604,350,2228,2077,3016,
273,2013-03-26,274,1106,3558,1578,4565,381,932,2124,146,2162,1179,597,406,1668,274,1989,1943,2313,
274,2013-04-02,275,450,4289,1950,5018,483,1123,2517,147,2939,1287,708,453,954,340,3048,1890,3059,
275,2013-04-09,276,361,4299,1941,5004,436,1148,2640,161,2469,1246,692,431,831,300,2448,1889,2938,
276,2013-04-16,277,345,3984,2066,4847,428,969,2572,137,2137,1179,652,387,882,280,2116,1780,2805,
277,2013-04-23,278,345,3241,1855,4173,396,946,2110,139,903,1113,618,444,833,293,2119,1587,2579,
278,2013-04-30,279,247,3301,1918,4196,448,1019,2104,108,450,1601,593,375,852,274,1774,1632,2724,
279,2013-05-07,280,226,3185,1871,4496,450,1105,2073,111,366,2917,721,366,796,321,1557,1577,2714,
280,2013-05-14,281,1022,3257,1928,4501,407,1113,2220,167,1735,1405,743,426,3187,302,1580,1586,3132,
281,2013-05-21,282,1353,3360,1994,4480,405,1102,2233,159,1930,1050,735,459,3607,330,1756,1721,3119,
282,2013-05-28,283,1577,3544,2162,4739,476,1719,2263,148,2189,1119,701,574,4042,347,1822,1744,3269,
283,2013-06-04,284,1052,3799,2322,4507,418,1389,2413,140,2117,1174,656,477,3934,478,1528,1627,2909,
284,2013-06-11,285,914,3517,2293,4228,369,1235,2153,159,2051,1115,654,410,4122,520,1128,1538,2844,
285,2013-06-18,286,788,3287,1991,3799,319,1053,2135,150,1779,891,620,376,3938,429,870,1429,2478,
286,2013-06-25,287,734,3193,2214,3759,356,1105,2043,160,1697,816,622,364,3700,490,803,1574,2490,
287,2013-07-02,288,745,2992,2054,3550,337,1145,2083,124,1646,747,603,352,3424,449,723,1417,2469,
288,2013-07-09,289,667,2812,1983,3377,309,1072,2066,136,1731,698,574,356,3344,509,623,1413,2494,
289,2013-07-16,290,648,2633,1936,2963,262,920,1994,148,1419,630,575,298,3145,432,547,1462,2236,
290,2013-07-23,291,388,1891,1234,2160,172,686,1324,70,954,438,390,264,2272,307,440,1146,1586,
291,2013-07-30,292,389,1770,1327,2407,172,781,1392,75,1006,477,360,274,2367,328,516,1191,1658,
292,2013-08-06,293,433,1881,1310,2482,183,703,1339,82,1152,445,344,270,2273,289,516,1098,1635,
293,2013-08-13,294,447,1841,1095,2360,161,725,1363,62,1065,436,321,274,2014,238,588,1062,1510,
294,2013-08-20,295,534,1905,1202,2284,260,720,1324,73,1228,519,390,247,2008,222,663,1014,1525,
295,2013-08-27,296,607,2040,1407,2539,259,788,1398,137,1250,500,443,241,2262,193,821,1046,1837,
296,2013-09-03,297,737,2231,1552,2524,266,779,1489,141,1478,619,436,250,2363,165,1059,1033,1824,
297,2013-09-10,298,833,2123,1463,2840,243,741,1365,193,1406,613,484,277,2409,176,1138,1059,1723,
298,2013-09-17,299,916,2961,1416,3179,301,714,1457,275,1400,732,415,324,2417,321,2063,1085,1865,
299,2013-09-24,300,1132,3279,1483,4256,328,752,1553,299,1555,890,466,339,2581,223,2807,1372,1983,
300,2013-10-01,301,976,3370,1613,4237,315,886,1579,386,1728,1239,511,403,3421,190,2933,1380,2339,
301,2013-10-08,302,1277,2962,1854,4043,348,879,1640,513,1644,1249,448,371,3167,194,2762,1335,2366,
302,2013-10-15,303,1232,2774,1812,4203,336,914,1704,688,1532,1354,509,406,3213,229,2318,1413,2420,
303,2013-10-22,304,1074,2687,1924,4060,317,891,1739,759,1700,1274,508,399,3117,196,1786,1403,2379,
304,2013-10-29,305,1013,2492,1704,3702,244,855,1597,829,1533,1424,440,339,2987,241,1541,1413,2044,
305,2013-11-05,306,1117,3387,1676,4638,307,857,2067,1419,1693,1124,511,364,3781,210,1608,1521,2453,
306,2013-11-12,307,1306,3901,2266,5224,345,1090,2315,2209,2060,1399,525,362,4397,247,2023,1998,3132,
307,2013-11-19,308,1400,3084,2236,4791,366,915,1869,2014,1642,1276,554,460,4026,232,1789,1702,3284,
308,2013-11-26,309,1196,2818,1577,3974,332,845,1748,1728,1582,1057,576,541,3469,216,1958,1513,2601,
309,2013-12-03,310,1242,2980,1614,4690,337,836,1866,1411,1699,1228,555,422,4567,195,2009,1463,2480,
310,2013-12-10,311,1092,2531,1439,3917,350,717,1552,828,1517,1026,419,337,3779,187,1751,1253,2007,
311,2013-12-17,312,958,2380,1181,3865,293,611,1287,482,1227,972,356,368,3289,160,1799,1191,1514,
312,2013-12-24,313,1051,2543,1096,4320,283,590,1365,333,1188,1045,341,470,3097,158,1870,1092,1223,
313,2013-12-31,314,992,2251,999,3729,242,581,1141,270,1182,835,313,432,2763,109,1572,1031,1281,
314,2014-01-07,315,1675,3515,1748,5501,356,995,1644,369,1975,1502,595,569,4898,237,2119,1673,2498,
315,2014-01-14,316,1668,3592,2146,5091,370,1272,1629,595,1903,1304,697,477,4896,217,1837,1580,2499,
316,2014-01-21,317,1584,3653,1782,5104,395,974,1530,279,1914,1177,525,452,4300,202,1965,1545,2540,
317,2014-01-28,318,1591,3961,1637,4977,377,951,1563,259,1837,1353,514,450,5889,237,1935,1618,2585,
318,2014-02-04,319,1576,3925,1747,4804,387,931,1595,316,1870,1230,537,436,5589,210,2027,1542,2709,
319,2014-02-11,320,1477,3774,1720,4705,397,932,1528,206,1853,1165,603,468,5373,228,1891,1558,2657,
320,2014-02-18,321,1388,3715,1760,4455,364,916,1617,179,1963,1220,605,454,4815,245,1798,1438,2525,
321,2014-02-25,322,1328,3352,1726,4889,356,850,1456,151,1785,1116,560,429,4459,231,1624,1429,2154,
322,2014-03-04,323,1230,3183,1780,4012,309,846,1434,141,1674,1020,556,363,4173,197,1638,1430,2184,
323,2014-03-11,324,1115,3024,1562,4384,351,822,1429,136,1639,957,535,373,3945,171,1575,1447,2262,
324,2014-03-18,325,1001,2792,1741,3716,343,882,1415,142,1591,995,541,343,4132,198,1404,1435,2156,
325,2014-03-25,326,1099,2641,1692,3721,353,891,1417,143,1668,871,588,354,3777,181,1319,1366,2237,
326,2014-04-01,327,913,2669,1758,3407,293,1058,1326,109,1706,882,687,369,3990,179,1219,1449,2253,
327,2014-04-08,328,946,2452,1663,3330,333,1292,1361,117,1488,875,862,342,3551,174,1091,1365,2062,
328,2014-04-15,329,671,1997,1335,2922,277,895,1136,75,1242,729,607,282,2919,158,1035,1212,1729,
329,2014-04-22,330,817,2339,1575,3318,290,920,1357,105,1420,790,619,329,3207,169,1035,1307,1927,
330,2014-04-29,331,663,2146,1558,2851,288,860,1238,88,1477,741,528,321,3404,185,905,1214,1841,
331,2014-05-06,332,730,2092,1560,2911,301,922,1144,93,1490,854,524,316,3107,147,880,1228,2034,
332,2014-05-13,333,649,2138,1451,2957,272,929,1082,108,1368,844,509,262,3200,170,878,1216,1992,
333,2014-05-20,334,569,2163,1426,2709,278,773,1074,88,1453,758,507,280,2850,181,763,1141,1913,
334,2014-05-27,335,610,2087,1391,2567,282,728,1059,83,1480,748,496,275,2916,140,666,1169,1928,
335,2014-06-03,336,594,2117,1336,2560,231,853,1143,103,1401,700,513,308,2648,130,635,1134,1850,
336,2014-06-10,337,931,2036,1497,2331,262,707,1314,99,1674,1012,505,251,2866,166,512,1046,1819,
337,2014-06-17,338,505,1749,1170,2333,212,744,1076,97,1306,578,453,229,2357,113,397,1154,1594,
338,2014-06-24,339,548,1676,1144,2445,204,692,1139,86,1123,555,421,238,2180,124,354,1000,1675,
339,2014-07-01,340,530,1780,1125,2136,204,731,1119,113,1166,601,470,248,2234,146,363,1061,1777,
340,2014-07-08,341,489,1791,1204,2205,193,736,1014,125,1159,506,490,232,2227,164,411,1035,1694,
341,2014-07-15,342,455,1648,1067,2016,210,632,984,102,1103,657,458,211,2051,111,378,1119,1611,
342,2014-07-22,343,389,1491,1023,1963,193,667,894,89,1052,477,446,221,1929,134,414,1028,1427,
343,2014-07-29,344,424,1344,1061,1899,171,1608,909,56,941,533,1031,237,1961,130,366,1084,1180,
344,2014-08-05,345,484,1232,877,1814,142,1550,843,49,941,568,1058,236,1842,125,399,1021,1150,
345,2014-08-12,346,440,1403,880,1803,171,940,759,63,897,450,676,201,1674,102,458,973,1079,
346,2014-08-19,347,473,1441,1064,1997,151,877,862,102,995,485,563,219,1832,131,595,1004,1353,
347,2014-08-26,348,515,1581,1083,1977,212,697,922,116,1118,497,502,203,1959,114,713,1088,1490,
348,2014-09-02,349,571,1846,1275,2361,238,805,1026,112,1429,561,569,284,2243,156,800,1201,1686,
349,2014-09-09,350,672,1832,1230,2419,237,840,1026,196,1872,588,513,256,2133,136,945,1123,1752,
350,2014-09-16,351,763,1991,1348,2921,242,821,921,185,1739,526,512,311,2162,147,1150,1581,1833,
351,2014-09-23,352,1075,2030,1310,2983,281,771,1012,154,1190,616,495,349,2194,172,1668,1202,1797,
352,2014-09-30,353,854,2039,1185,2862,300,863,978,219,1190,662,528,319,2218,141,1998,1157,1678,
353,2014-10-07,354,1214,2384,1415,3303,262,1733,1053,238,1324,705,1121,410,2361,161,2016,1199,1852,
354,2014-10-14,355,1067,1763,1389,2625,240,1358,985,298,1275,626,848,343,1915,129,1379,1068,1659,
355,2014-10-21,356,1039,1584,1187,2407,255,948,823,419,1132,568,622,254,1843,177,1202,925,1739,
356,2014-10-28,357,862,1697,1054,2299,226,738,761,436,1133,536,503,284,1768,143,1094,952,1563,
357,2014-11-04,358,743,1299,1251,2534,223,650,849,674,1179,564,472,261,1859,175,947,966,1668,
358,2014-11-11,359,836,1424,1060,2384,204,595,873,739,1198,547,397,244,1841,146,815,986,1737,
359,2014-11-18,360,818,1544,930,2287,241,630,883,630,1269,517,403,253,1834,151,926,989,3154,
360,2014-11-25,361,1289,1377,1036,2213,218,728,794,1352,1155,642,409,279,1904,111,947,874,1860,
361,2014-12-02,362,911,1268,1050,2239,225,658,779,544,1184,720,351,252,1828,121,834,865,1791,
362,2014-12-09,363,908,1593,920,2399,233,577,827,313,1166,594,328,261,2171,119,1019,866,1693,
363,2014-12-16,364,818,1460,727,2319,221,459,708,196,1150,585,258,241,2110,125,2066,860,1430,
364,2014-12-23,365,694,1362,567,2058,176,366,669,143,892,526,210,265,1754,105,1032,620,1024,
365,2014-12-30,366,944,1728,659,2481,243,400,730,168,1094,625,253,320,2004,134,1180,824,1235,
366,2015-01-06,367,1280,2237,903,3071,266,579,763,167,1517,797,371,423,2793,144,1316,956,1693,
367,2015-01-13,368,1488,2441,1006,2997,290,661,779,221,1521,848,468,430,3261,146,1101,947,1976,
368,2015-01-20,369,1726,2546,1101,3231,253,783,945,209,1753,784,485,462,3336,139,1054,970,1896,
369,2015-01-27,370,1669,2474,1001,2986,254,739,954,172,1600,902,410,407,3111,172,1054,971,1977,
370,2015-02-03,371,1677,2419,938,4984,256,633,885,237,1498,752,427,363,2973,143,1061,997,1922,
371,2015-02-10,372,1392,2175,908,2804,295,588,776,159,1546,626,421,358,2871,115,966,1018,1739,
372,2015-02-17,373,1235,1962,1043,2776,252,580,872,154,1682,690,425,296,2916,100,1026,998,1853,
373,2015-02-24,374,1067,1746,953,2602,245,556,812,122,1356,607,403,282,2665,121,945,975,1718,
374,2015-03-03,375,988,1664,933,3025,291,572,726,103,1287,599,400,275,2234,121,912,968,1750,
375,2015-03-10,376,856,1575,884,2243,244,594,783,111,1179,668,370,300,2178,105,929,956,1676,
376,2015-03-17,377,780,1418,858,2397,245,629,714,103,1157,672,376,270,2509,109,851,905,1592,
377,2015-03-24,378,696,1413,880,2059,237,564,700,106,1201,501,368,253,1988,94,769,840,1618,
378,2015-03-31,379,565,1107,692,1685,189,428,627,66,1003,447,270,182,2173,86,632,671,1057,
379,2015-04-07,380,652,1266,941,2122,253,565,764,77,1367,504,358,233,1825,115,757,874,1592,
380,2015-04-14,381,597,1139,941,1977,231,557,631,84,1099,493,528,213,1672,113,614,952,1536,
381,2015-04-21,382,564,1096,1014,1887,207,578,711,91,1190,369,352,229,1693,104,624,808,1501,
382,2015-04-28,383,568,1033,839,1692,201,445,684,64,1026,375,297,212,2851,122,556,780,1257,
383,2015-05-05,384,463,994,900,1707,230,506,651,62,1070,415,389,220,1482,101,615,785,1435,
384,2015-05-12,385,526,1009,1016,1688,249,561,662,91,1068,338,364,197,1464,103,480,762,1593,
385,2015-05-19,386,508,995,925,1838,193,506,769,91,1117,373,328,228,1502,119,467,784,1589,
386,2015-05-26,387,507,1020,1000,6497,199,456,668,82,1031,387,327,181,1342,92,461,830,2141,
387,2015-06-02,388,512,1060,861,1760,176,523,630,93,1004,348,315,200,1286,79,407,632,1465,
388,2015-06-09,389,471,1026,849,1653,160,539,567,105,1092,335,338,219,1410,86,291,686,1407,
389,2015-06-16,390,373,825,791,1437,149,522,506,62,806,253,282,158,1195,70,276,647,1275,
390,2015-06-23,391,349,824,838,1243,173,455,511,100,779,274,263,186,1064,80,271,635,1152,
391,2015-06-30,392,405,752,645,1228,133,392,518,62,722,248,229,163,981,66,232,606,1201,
392,2015-07-07,393,365,846,612,1264,138,386,565,77,699,224,231,192,993,69,190,620,1183,
393,2015-07-14,394,294,883,609,1169,150,333,506,91,731,271,245,170,1016,70,230,575,1075,
394,2015-07-21,395,338,806,576,3299,134,358,476,64,583,196,251,241,1023,66,189,619,986,
395,2015-07-28,396,300,607,484,1119,99,337,392,55,536,194,210,168,829,50,215,492,782,
396,2015-08-04,397,387,515,528,1031,92,287,368,48,567,176,198,140,763,52,191,582,716,
397,2015-08-11,398,627,570,478,1040,105,299,377,36,554,190,175,175,727,63,257,531,638,
398,2015-08-18,399,923,699,556,1172,108,333,409,56,638,205,191,177,796,75,270,577,853,
399,2015-08-25,400,723,667,661,1329,186,445,448,81,735,250,247,213,960,68,357,584,1659,
400,2015-09-01,401,1041,840,690,1438,161,399,509,106,803,217,290,233,1023,67,413,620,1319,
401,2015-09-08,402,455,825,794,1523,169,376,460,90,788,242,252,196,1010,79,474,634,1333,
402,2015-09-15,403,455,881,699,1537,183,351,525,112,765,270,278,207,1027,84,557,660,1430,
403,2015-09-22,404,526,937,654,1797,161,320,518,124,863,357,241,227,963,77,859,669,1292,
404,2015-09-29,405,649,960,654,1945,171,330,461,149,857,307,282,244,1033,99,1081,655,1350,
405,2015-10-06,406,695,884,758,2034,186,472,477,226,973,398,511,279,1217,107,1082,733,1276,
406,2015-10-13,407,594,934,742,2047,210,378,519,326,912,378,269,259,1129,82,1007,741,1286,
407,2015-10-20,408,534,914,712,1860,163,398,477,322,880,382,229,233,1176,72,825,699,1253,
408,2015-10-27,409,531,833,692,1836,169,366,478,289,786,430,269,248,1258,92,645,685,1354,
409,2015-11-03,410,659,891,803,1900,165,410,532,395,870,405,255,262,1241,65,668,751,1340,
410,2015-11-10,411,577,835,714,1789,172,368,498,385,850,423,243,245,1168,81,576,714,1380,
411,2015-11-17,412,587,958,693,1893,189,383,518,418,1032,373,215,267,1191,84,556,693,1405,
412,2015-11-24,413,601,1003,755,1805,164,344,524,349,938,369,239,245,1267,101,687,697,1360,
413,2015-12-01,414,601,935,597,2448,158,356,452,230,831,336,225,251,1270,92,633,620,1264,
414,2015-12-08,415,577,1051,743,2048,199,372,538,170,893,388,234,236,1338,91,696,666,1350,
415,2015-12-15,416,649,877,609,1982,193,331,483,115,790,384,209,264,1288,85,789,648,1233,
416,2015-12-22,417,445,685,480,1733,161,255,474,118,590,330,145,184,965,58,756,507,849,
417,2015-12-29,418,584,996,584,1969,184,294,567,64,829,363,189,230,1220,69,933,633,1016,
418,2016-01-05,419,737,1207,625,2245,237,371,547,121,975,448,253,283,1632,79,983,722,1462,
419,2016-01-12,420,810,1131,709,2152,239,422,599,96,1036,483,278,255,1700,74,882,777,1564,
420,2016-01-19,421,753,1171,818,2212,215,407,563,117,1055,450,308,290,1642,97,875,758,1693,
421,2016-01-26,422,771,1348,877,2281,246,419,617,104,1091,433,327,292,1761,116,924,733,1543,
422,2016-02-02,423,826,1522,914,2454,246,444,578,108,1082,436,321,269,1610,85,890,741,1582,
423,2016-02-09,424,856,1415,868,2375,229,453,544,78,1173,449,300,321,1844,112,811,767,1478,
424,2016-02-16,425,803,1448,817,2231,227,509,598,100,1107,476,304,290,1751,96,737,723,1578,
425,2016-02-23,426,792,1445,791,2260,215,445,550,67,1128,435,323,294,1742,78,735,774,1395,
426,2016-03-01,427,754,1369,840,2170,195,458,525,55,1127,413,299,258,1619,82,630,693,1420,
427,2016-03-08,428,730,1312,790,2089,216,431,572,67,1070,406,290,249,1629,85,586,761,1569,
428,2016-03-15,429,844,1281,772,2029,200,399,490,57,1045,359,253,235,1528,88,593,703,1329,
429,2016-03-22,430,674,1065,614,1641,194,371,422,55,863,302,205,182,1338,72,465,567,1075,
430,2016-03-29,431,677,1095,741,1763,212,438,477,95,1092,322,294,227,1471,64,545,754,1298,
431,2016-04-05,432,571,1013,775,1950,193,412,461,62,936,319,256,221,1522,88,477,669,1361,
432,2016-04-12,433,519,975,739,1512,171,389,432,46,876,319,285,176,1372,72,455,641,1214,
433,2016-04-19,434,509,842,656,1530,188,392,497,60,795,292,277,176,1251,57,507,605,1305,
434,2016-04-26,435,507,955,730,1733,164,372,482,68,868,263,297,206,1397,67,512,603,1379,
435,2016-05-03,436,502,841,691,1524,176,381,440,60,870,343,239,206,1304,74,496,643,1285,
436,2016-05-10,437,552,843,781,1810,184,375,413,64,950,298,250,219,1237,63,482,639,1275,
437,2016-05-17,438,581,804,706,1585,168,379,372,71,1037,275,256,186,1343,75,421,626,1366,
438,2016-05-24,439,439,861,665,1575,165,413,352,60,1706,305,271,183,1643,64,389,623,1433,
439,2016-05-31,440,454,796,666,1516,143,407,394,82,1453,252,217,169,1185,58,323,555,1248,
440,2016-06-07,441,388,779,760,1457,166,363,376,76,1113,265,265,214,1193,64,310,568,1267,
441,2016-06-14,442,534,880,713,1437,164,376,428,100,1008,249,251,166,1620,60,363,583,1398,
442,2016-06-21,443,515,827,682,1330,135,317,382,110,841,226,247,167,1182,54,338,507,1132,
443,2016-06-28,444,427,758,580,1217,109,336,330,76,798,201,224,157,1029,77,239,548,1130,
444,2016-07-05,445,434,731,492,1276,96,253,223,68,524,223,154,100,970,81,184,347,1051,
445,2016-07-12,446,414,769,518,1110,33,133,74,17,0,162,0,0,925,38,161,322,965,
446,2016-07-19,447,295,587,465,1053,60,157,97,28,0,156,0,0,814,44,173,303,810,
447,2016-07-26,448,259,472,434,955,4,45,0,0,0,115,0,0,714,44,134,179,765,
448,2016-08-02,449,230,460,505,911,6,79,0,0,0,123,0,0,670,31,162,169,731,
449,2016-08-09,450,302,454,337,917,10,62,0,0,0,106,0,0,566,47,174,197,592,
450,2016-08-16,451,229,498,384,980,1,54,0,0,0,160,0,0,694,35,177,183,736,
451,2016-08-23,452,305,600,452,1083,17,79,0,0,0,157,0,0,757,35,262,226,866,
452,2016-08-30,453,422,623,527,1173,84,281,181,32,419,190,202,97,958,48,267,575,1043,
453,2016-09-06,454,473,737,562,1311,104,312,235,94,0,209,0,0,2923,37,341,585,1002,
454,2016-09-13,455,388,704,547,1291,91,301,222,56,0,172,0,0,2082,49,331,520,1092,
455,2016-09-20,456,412,695,563,1659,92,246,214,68,0,169,0,0,1061,43,580,561,1105,
456,2016-09-27,457,760,892,494,1734,126,279,263,124,0,205,0,0,1089,40,937,618,1123,
457,2016-10-04,458,819,1011,535,1934,131,275,261,228,101,237,44,34,1132,54,1009,595,1066,
458,2016-10-11,459,854,836,432,1774,129,255,225,218,0,226,0,0,1085,66,916,597,1071,
459,2016-10-18,460,709,787,514,1835,138,250,303,329,734,246,200,216,1029,54,752,619,1103,
460,2016-10-25,461,588,721,454,1603,110,177,295,277,586,191,184,153,1004,55,682,569,1020,
461,2016-11-01,462,665,695,523,1697,125,230,318,352,629,209,164,170,1114,42,553,565,1093,
462,2016-11-08,463,696,685,558,1594,111,225,332,346,684,247,169,166,1190,53,553,525,1224,
463,2016-11-15,464,690,723,486,1718,124,226,386,335,898,253,205,167,1114,49,544,618,1261,
464,2016-11-22,465,359,358,280,793,61,153,159,128,402,106,100,115,613,24,268,296,558,
465,2016-11-29,466,7,10,6,22,3,5,5,4,19,0,3,1,22,1,11,5,20,
466,2016-12-06,467,899,787,464,1668,113,212,404,152,608,240,176,188,1150,55,552,476,1160,
467,2016-12-13,468,1021,1020,519,1869,115,223,321,135,712,293,197,180,1385,61,646,553,1190,
468,2016-12-20,469,122,142,66,254,19,35,38,9,99,41,27,27,172,11,100,63,140,
